{"cameraMode":{"drawMode":0,"name":"Shaded","section":"Shading Mode"},"sceneLighting":false,"audioPlay":false,"sceneViewState":{"m_AlwaysRefresh":false,"showFog":false,"showSkybox":false,"showFlares":false,"showImageEffects":false,"showParticleSystems":false,"showVisualEffectGraphs":true,"m_FxEnabled":true},"in2DMode":false,"pivot":{"x":0.032882824540138248,"y":2.030937671661377,"z":-2.0914204120635988},"rotation":{"x":-0.0030480646528303625,"y":0.9932657480239868,"z":0.11492998898029328,"w":0.028309157118201257},"size":1.3799208402633668,"orthographic":false}