{"cameraMode":{"drawMode":0,"name":"Shaded","section":"Shading Mode"},"sceneLighting":false,"audioPlay":false,"sceneViewState":{"m_AlwaysRefresh":false,"showFog":false,"showSkybox":false,"showFlares":false,"showImageEffects":false,"showParticleSystems":false,"showVisualEffectGraphs":true,"m_FxEnabled":true},"in2DMode":false,"pivot":{"x":1.8269928693771363,"y":-0.38913393020629885,"z":-1.5235536098480225},"rotation":{"x":0.043263304978609088,"y":0.9078589677810669,"z":-0.09744866192340851,"w":0.40578415989875796},"size":1.3799208402633668,"orthographic":false}