{"cameraMode":{"drawMode":0,"name":"Shaded","section":"Shading Mode"},"sceneLighting":false,"audioPlay":false,"sceneViewState":{"m_AlwaysRefresh":false,"showFog":false,"showSkybox":false,"showFlares":false,"showImageEffects":false,"showParticleSystems":false,"showVisualEffectGraphs":true,"m_FxEnabled":true},"in2DMode":false,"pivot":{"x":-0.2696024179458618,"y":0.1140296459197998,"z":-0.5207574367523193},"rotation":{"x":0.056172121316194537,"y":-0.9442213177680969,"z":0.23882295191287995,"w":0.22075587511062623},"size":0.779920756816864,"orthographic":false}