{"cameraMode":{"drawMode":0,"name":"Shaded","section":"Shading Mode"},"sceneLighting":false,"audioPlay":false,"sceneViewState":{"m_AlwaysRefresh":false,"showFog":false,"showSkybox":false,"showFlares":false,"showImageEffects":false,"showParticleSystems":false,"showVisualEffectGraphs":true,"m_FxEnabled":true},"in2DMode":false,"pivot":{"x":-0.06386315077543259,"y":2.067167043685913,"z":-0.29784083366394045},"rotation":{"x":0.0005062383715994656,"y":0.9994364976882935,"z":0.005676556844264269,"w":-0.03868015483021736},"size":0.34013789892196658,"orthographic":false}