{"cameraMode":{"drawMode":0,"name":"Shaded","section":"Shading Mode"},"sceneLighting":false,"audioPlay":false,"sceneViewState":{"m_AlwaysRefresh":false,"showFog":false,"showSkybox":false,"showFlares":false,"showImageEffects":false,"showParticleSystems":false,"showVisualEffectGraphs":true,"m_FxEnabled":true},"in2DMode":false,"pivot":{"x":-0.08115184307098389,"y":0.8864014148712158,"z":0.04112248122692108},"rotation":{"x":-0.09692741185426712,"y":-0.2706661820411682,"z":0.027185263112187387,"w":-0.9576943516731262},"size":1.051787257194519,"orthographic":false}